version,1.3.0
info,team,Bahamas
info,team,Bermuda
info,gender,male
info,season,2010
info,date,2010/05/28
info,competition,ICC World Cricket League Americas Region Division One 2010
info,venue,National Stadium
info,city,Hamilton
info,toss_winner,Bermuda
info,toss_decision,field
info,player_of_match,K Tucker
info,umpire,H Smythe
info,umpire,K Bayney
info,reserve_umpire,R Austin
info,match_referee,AFG Griffith
info,winner,Bermuda
info,winner_wickets,7
ball,1,0.1,Bahamas,M Taylor,H Gilliard,MO Jones,0,0,"",""
ball,1,0.2,Bahamas,M Taylor,H Gilliard,MO Jones,0,0,caught,M Taylor
ball,1,0.3,Bahamas,RA Tappin,H Gilliard,MO Jones,0,0,"",""
ball,1,0.4,Bahamas,RA Tappin,H Gilliard,MO Jones,0,0,"",""
ball,1,0.5,Bahamas,RA Tappin,H Gilliard,MO Jones,0,0,"",""
ball,1,0.6,Bahamas,RA Tappin,H Gilliard,MO Jones,0,0,"",""
ball,1,1.1,Bahamas,H Gilliard,RA Tappin,K Tucker,0,0,"",""
ball,1,1.2,Bahamas,H Gilliard,RA Tappin,K Tucker,0,1,"",""
ball,1,1.3,Bahamas,H Gilliard,RA Tappin,K Tucker,0,0,"",""
ball,1,1.4,Bahamas,H Gilliard,RA Tappin,K Tucker,0,0,"",""
ball,1,1.5,Bahamas,H Gilliard,RA Tappin,K Tucker,0,0,"",""
ball,1,1.6,Bahamas,H Gilliard,RA Tappin,K Tucker,1,0,"",""
ball,1,1.7,Bahamas,RA Tappin,H Gilliard,K Tucker,0,0,"",""
ball,1,2.1,Bahamas,H Gilliard,RA Tappin,MO Jones,0,1,"",""
ball,1,2.2,Bahamas,H Gilliard,RA Tappin,MO Jones,0,1,"",""
ball,1,2.3,Bahamas,H Gilliard,RA Tappin,MO Jones,0,1,"",""
ball,1,2.4,Bahamas,H Gilliard,RA Tappin,MO Jones,1,0,"",""
ball,1,2.5,Bahamas,RA Tappin,H Gilliard,MO Jones,0,1,"",""
ball,1,2.6,Bahamas,RA Tappin,H Gilliard,MO Jones,0,0,"",""
ball,1,2.7,Bahamas,RA Tappin,H Gilliard,MO Jones,0,1,"",""
ball,1,2.8,Bahamas,RA Tappin,H Gilliard,MO Jones,0,0,"",""
ball,1,2.9,Bahamas,RA Tappin,H Gilliard,MO Jones,4,0,"",""
ball,1,2.1,Bahamas,RA Tappin,H Gilliard,MO Jones,0,0,"",""
ball,1,2.11,Bahamas,RA Tappin,H Gilliard,MO Jones,0,1,"",""
ball,1,2.12,Bahamas,RA Tappin,H Gilliard,MO Jones,0,0,"",""
ball,1,3.1,Bahamas,H Gilliard,RA Tappin,K Tucker,0,0,"",""
ball,1,3.2,Bahamas,H Gilliard,RA Tappin,K Tucker,0,0,"",""
ball,1,3.3,Bahamas,H Gilliard,RA Tappin,K Tucker,0,0,"",""
ball,1,3.4,Bahamas,H Gilliard,RA Tappin,K Tucker,0,0,"",""
ball,1,3.5,Bahamas,H Gilliard,RA Tappin,K Tucker,0,0,"",""
ball,1,3.6,Bahamas,H Gilliard,RA Tappin,K Tucker,0,0,"",""
ball,1,4.1,Bahamas,RA Tappin,H Gilliard,MO Jones,0,0,"",""
ball,1,4.2,Bahamas,RA Tappin,H Gilliard,MO Jones,1,0,"",""
ball,1,4.3,Bahamas,H Gilliard,RA Tappin,MO Jones,1,0,"",""
ball,1,4.4,Bahamas,RA Tappin,H Gilliard,MO Jones,0,0,"",""
ball,1,4.5,Bahamas,RA Tappin,H Gilliard,MO Jones,0,0,"",""
ball,1,4.6,Bahamas,RA Tappin,H Gilliard,MO Jones,0,1,"",""
ball,1,4.7,Bahamas,RA Tappin,H Gilliard,MO Jones,0,0,"",""
ball,1,5.1,Bahamas,H Gilliard,RA Tappin,K Tucker,0,0,"",""
ball,1,5.2,Bahamas,H Gilliard,RA Tappin,K Tucker,0,0,"",""
ball,1,5.3,Bahamas,H Gilliard,RA Tappin,K Tucker,0,0,"",""
ball,1,5.4,Bahamas,H Gilliard,RA Tappin,K Tucker,0,0,"",""
ball,1,5.5,Bahamas,H Gilliard,RA Tappin,K Tucker,0,0,"",""
ball,1,5.6,Bahamas,H Gilliard,RA Tappin,K Tucker,0,0,"",""
ball,1,6.1,Bahamas,RA Tappin,H Gilliard,MO Jones,0,1,"",""
ball,1,6.2,Bahamas,RA Tappin,H Gilliard,MO Jones,0,0,"",""
ball,1,6.3,Bahamas,RA Tappin,H Gilliard,MO Jones,0,0,"",""
ball,1,6.4,Bahamas,RA Tappin,H Gilliard,MO Jones,0,0,"",""
ball,1,6.5,Bahamas,RA Tappin,H Gilliard,MO Jones,0,0,"",""
ball,1,6.6,Bahamas,RA Tappin,H Gilliard,MO Jones,0,0,caught,RA Tappin
ball,1,6.7,Bahamas,JR Barry,H Gilliard,MO Jones,0,0,"",""
ball,1,7.1,Bahamas,H Gilliard,JR Barry,K Tucker,0,0,"",""
ball,1,7.2,Bahamas,H Gilliard,JR Barry,K Tucker,0,0,"",""
ball,1,7.3,Bahamas,H Gilliard,JR Barry,K Tucker,1,0,"",""
ball,1,7.4,Bahamas,JR Barry,H Gilliard,K Tucker,0,0,"",""
ball,1,7.5,Bahamas,JR Barry,H Gilliard,K Tucker,0,0,"",""
ball,1,7.6,Bahamas,JR Barry,H Gilliard,K Tucker,0,0,caught,JR Barry
ball,1,8.1,Bahamas,H Gilliard,R Parkes,MO Jones,0,0,"",""
ball,1,8.2,Bahamas,H Gilliard,R Parkes,MO Jones,0,0,"",""
ball,1,8.3,Bahamas,H Gilliard,R Parkes,MO Jones,0,0,"",""
ball,1,8.4,Bahamas,H Gilliard,R Parkes,MO Jones,0,0,"",""
ball,1,8.5,Bahamas,H Gilliard,R Parkes,MO Jones,0,1,"",""
ball,1,8.6,Bahamas,H Gilliard,R Parkes,MO Jones,0,0,"",""
ball,1,8.7,Bahamas,H Gilliard,R Parkes,MO Jones,0,0,"",""
ball,1,9.1,Bahamas,R Parkes,H Gilliard,K Tucker,0,0,"",""
ball,1,9.2,Bahamas,R Parkes,H Gilliard,K Tucker,0,0,caught,R Parkes
ball,1,9.3,Bahamas,GT Taylor,H Gilliard,K Tucker,0,0,"",""
ball,1,9.4,Bahamas,GT Taylor,H Gilliard,K Tucker,0,0,"",""
ball,1,9.5,Bahamas,GT Taylor,H Gilliard,K Tucker,0,0,"",""
ball,1,9.6,Bahamas,GT Taylor,H Gilliard,K Tucker,0,0,lbw,GT Taylor
ball,1,10.1,Bahamas,H Gilliard,DG Weakley,MO Jones,0,0,"",""
ball,1,10.2,Bahamas,H Gilliard,DG Weakley,MO Jones,0,0,"",""
ball,1,10.3,Bahamas,H Gilliard,DG Weakley,MO Jones,0,0,"",""
ball,1,10.4,Bahamas,H Gilliard,DG Weakley,MO Jones,0,0,"",""
ball,1,10.5,Bahamas,H Gilliard,DG Weakley,MO Jones,0,0,"",""
ball,1,10.6,Bahamas,H Gilliard,DG Weakley,MO Jones,0,0,"",""
ball,1,11.1,Bahamas,DG Weakley,H Gilliard,K Tucker,0,0,"",""
ball,1,11.2,Bahamas,DG Weakley,H Gilliard,K Tucker,0,0,"",""
ball,1,11.3,Bahamas,DG Weakley,H Gilliard,K Tucker,0,0,"",""
ball,1,11.4,Bahamas,DG Weakley,H Gilliard,K Tucker,0,0,"",""
ball,1,11.5,Bahamas,DG Weakley,H Gilliard,K Tucker,0,0,"",""
ball,1,11.6,Bahamas,DG Weakley,H Gilliard,K Tucker,1,0,"",""
ball,1,12.1,Bahamas,DG Weakley,H Gilliard,MO Jones,0,1,"",""
ball,1,12.2,Bahamas,DG Weakley,H Gilliard,MO Jones,4,0,"",""
ball,1,12.3,Bahamas,DG Weakley,H Gilliard,MO Jones,0,0,"",""
ball,1,12.4,Bahamas,DG Weakley,H Gilliard,MO Jones,1,0,"",""
ball,1,12.5,Bahamas,H Gilliard,DG Weakley,MO Jones,0,0,"",""
ball,1,12.6,Bahamas,H Gilliard,DG Weakley,MO Jones,0,0,"",""
ball,1,12.7,Bahamas,H Gilliard,DG Weakley,MO Jones,0,0,"",""
ball,1,13.1,Bahamas,DG Weakley,H Gilliard,K Tucker,0,0,"",""
ball,1,13.2,Bahamas,DG Weakley,H Gilliard,K Tucker,0,2,"",""
ball,1,13.3,Bahamas,DG Weakley,H Gilliard,K Tucker,0,0,"",""
ball,1,13.4,Bahamas,DG Weakley,H Gilliard,K Tucker,0,0,"",""
ball,1,13.5,Bahamas,DG Weakley,H Gilliard,K Tucker,0,0,"",""
ball,1,13.6,Bahamas,DG Weakley,H Gilliard,K Tucker,1,0,"",""
ball,1,14.1,Bahamas,DG Weakley,H Gilliard,JJ Tucker,0,0,"",""
ball,1,14.2,Bahamas,DG Weakley,H Gilliard,JJ Tucker,2,0,"",""
ball,1,14.3,Bahamas,DG Weakley,H Gilliard,JJ Tucker,1,0,"",""
ball,1,14.4,Bahamas,H Gilliard,DG Weakley,JJ Tucker,0,0,"",""
ball,1,14.5,Bahamas,H Gilliard,DG Weakley,JJ Tucker,1,0,"",""
ball,1,14.6,Bahamas,DG Weakley,H Gilliard,JJ Tucker,0,0,"",""
ball,1,15.1,Bahamas,H Gilliard,DG Weakley,K Tucker,0,0,"",""
ball,1,15.2,Bahamas,H Gilliard,DG Weakley,K Tucker,0,0,"",""
ball,1,15.3,Bahamas,H Gilliard,DG Weakley,K Tucker,0,0,"",""
ball,1,15.4,Bahamas,H Gilliard,DG Weakley,K Tucker,0,0,"",""
ball,1,15.5,Bahamas,H Gilliard,DG Weakley,K Tucker,0,1,"",""
ball,1,15.6,Bahamas,H Gilliard,DG Weakley,K Tucker,1,0,"",""
ball,1,15.7,Bahamas,DG Weakley,H Gilliard,K Tucker,2,0,"",""
ball,1,16.1,Bahamas,H Gilliard,DG Weakley,JJ Tucker,0,0,"",""
ball,1,16.2,Bahamas,H Gilliard,DG Weakley,JJ Tucker,0,0,"",""
ball,1,16.3,Bahamas,H Gilliard,DG Weakley,JJ Tucker,0,0,"",""
ball,1,16.4,Bahamas,H Gilliard,DG Weakley,JJ Tucker,0,0,"",""
ball,1,16.5,Bahamas,H Gilliard,DG Weakley,JJ Tucker,0,0,"",""
ball,1,16.6,Bahamas,H Gilliard,DG Weakley,JJ Tucker,0,0,"",""
ball,1,17.1,Bahamas,DG Weakley,H Gilliard,J West,0,0,"",""
ball,1,17.2,Bahamas,DG Weakley,H Gilliard,J West,2,0,"",""
ball,1,17.3,Bahamas,DG Weakley,H Gilliard,J West,0,0,"",""
ball,1,17.4,Bahamas,DG Weakley,H Gilliard,J West,0,0,"",""
ball,1,17.5,Bahamas,DG Weakley,H Gilliard,J West,0,0,"",""
ball,1,17.6,Bahamas,DG Weakley,H Gilliard,J West,0,1,"",""
ball,1,17.7,Bahamas,DG Weakley,H Gilliard,J West,2,0,"",""
ball,1,18.1,Bahamas,H Gilliard,DG Weakley,JJ Tucker,0,0,"",""
ball,1,18.2,Bahamas,H Gilliard,DG Weakley,JJ Tucker,0,0,"",""
ball,1,18.3,Bahamas,H Gilliard,DG Weakley,JJ Tucker,0,0,"",""
ball,1,18.4,Bahamas,H Gilliard,DG Weakley,JJ Tucker,0,0,"",""
ball,1,18.5,Bahamas,H Gilliard,DG Weakley,JJ Tucker,0,0,"",""
ball,1,18.6,Bahamas,H Gilliard,DG Weakley,JJ Tucker,0,0,caught,H Gilliard
ball,1,19.1,Bahamas,NH Ekanayake,DG Weakley,J West,0,0,"",""
ball,1,19.2,Bahamas,NH Ekanayake,DG Weakley,J West,0,0,"",""
ball,1,19.3,Bahamas,NH Ekanayake,DG Weakley,J West,0,0,"",""
ball,1,19.4,Bahamas,NH Ekanayake,DG Weakley,J West,0,1,"",""
ball,1,19.5,Bahamas,NH Ekanayake,DG Weakley,J West,0,0,"",""
ball,1,19.6,Bahamas,NH Ekanayake,DG Weakley,J West,0,0,"",""
ball,1,19.7,Bahamas,NH Ekanayake,DG Weakley,J West,0,0,"",""
ball,1,20.1,Bahamas,DG Weakley,NH Ekanayake,JJ Tucker,1,0,"",""
ball,1,20.2,Bahamas,NH Ekanayake,DG Weakley,JJ Tucker,0,1,"",""
ball,1,20.3,Bahamas,DG Weakley,NH Ekanayake,JJ Tucker,0,0,"",""
ball,1,20.4,Bahamas,DG Weakley,NH Ekanayake,JJ Tucker,0,0,"",""
ball,1,20.5,Bahamas,DG Weakley,NH Ekanayake,JJ Tucker,0,0,"",""
ball,1,20.6,Bahamas,DG Weakley,NH Ekanayake,JJ Tucker,0,0,"",""
ball,1,21.1,Bahamas,NH Ekanayake,DG Weakley,J West,2,0,"",""
ball,1,21.2,Bahamas,NH Ekanayake,DG Weakley,J West,0,0,"",""
ball,1,21.3,Bahamas,NH Ekanayake,DG Weakley,J West,0,1,"",""
ball,1,21.4,Bahamas,NH Ekanayake,DG Weakley,J West,4,0,"",""
ball,1,21.5,Bahamas,NH Ekanayake,DG Weakley,J West,0,1,"",""
ball,1,21.6,Bahamas,NH Ekanayake,DG Weakley,J West,1,0,"",""
ball,1,21.7,Bahamas,DG Weakley,NH Ekanayake,J West,1,0,"",""
ball,1,21.8,Bahamas,NH Ekanayake,DG Weakley,J West,0,0,"",""
ball,1,22.1,Bahamas,DG Weakley,NH Ekanayake,JJ Tucker,0,0,"",""
ball,1,22.2,Bahamas,DG Weakley,NH Ekanayake,JJ Tucker,1,0,"",""
ball,1,22.3,Bahamas,NH Ekanayake,DG Weakley,JJ Tucker,0,0,"",""
ball,1,22.4,Bahamas,NH Ekanayake,DG Weakley,JJ Tucker,0,0,"",""
ball,1,22.5,Bahamas,NH Ekanayake,DG Weakley,JJ Tucker,0,0,"",""
ball,1,22.6,Bahamas,NH Ekanayake,DG Weakley,JJ Tucker,0,0,"",""
ball,1,23.1,Bahamas,DG Weakley,NH Ekanayake,J West,0,0,"",""
ball,1,23.2,Bahamas,DG Weakley,NH Ekanayake,J West,0,0,"",""
ball,1,23.3,Bahamas,DG Weakley,NH Ekanayake,J West,0,0,"",""
ball,1,23.4,Bahamas,DG Weakley,NH Ekanayake,J West,2,0,"",""
ball,1,23.5,Bahamas,DG Weakley,NH Ekanayake,J West,4,1,"",""
ball,1,23.6,Bahamas,DG Weakley,NH Ekanayake,J West,0,1,"",""
ball,1,23.7,Bahamas,NH Ekanayake,DG Weakley,J West,0,0,"",""
ball,1,24.1,Bahamas,DG Weakley,NH Ekanayake,JJ Tucker,0,0,"",""
ball,1,24.2,Bahamas,DG Weakley,NH Ekanayake,JJ Tucker,0,1,"",""
ball,1,24.3,Bahamas,DG Weakley,NH Ekanayake,JJ Tucker,0,0,"",""
ball,1,24.4,Bahamas,DG Weakley,NH Ekanayake,JJ Tucker,0,0,"",""
ball,1,24.5,Bahamas,DG Weakley,NH Ekanayake,JJ Tucker,0,0,"",""
ball,1,24.6,Bahamas,DG Weakley,NH Ekanayake,JJ Tucker,0,0,"",""
ball,1,24.7,Bahamas,DG Weakley,NH Ekanayake,JJ Tucker,0,0,"",""
ball,1,25.1,Bahamas,NH Ekanayake,DG Weakley,J West,0,0,"",""
ball,1,25.2,Bahamas,NH Ekanayake,DG Weakley,J West,0,0,"",""
ball,1,25.3,Bahamas,NH Ekanayake,DG Weakley,J West,0,0,"",""
ball,1,25.4,Bahamas,NH Ekanayake,DG Weakley,J West,0,0,"",""
ball,1,25.5,Bahamas,NH Ekanayake,DG Weakley,J West,0,0,"",""
ball,1,25.6,Bahamas,NH Ekanayake,DG Weakley,J West,0,0,"",""
ball,1,26.1,Bahamas,DG Weakley,NH Ekanayake,JJ Tucker,0,0,"",""
ball,1,26.2,Bahamas,DG Weakley,NH Ekanayake,JJ Tucker,0,0,"",""
ball,1,26.3,Bahamas,DG Weakley,NH Ekanayake,JJ Tucker,1,0,"",""
ball,1,26.4,Bahamas,NH Ekanayake,DG Weakley,JJ Tucker,0,0,"",""
ball,1,26.5,Bahamas,NH Ekanayake,DG Weakley,JJ Tucker,0,0,"",""
ball,1,26.6,Bahamas,NH Ekanayake,DG Weakley,JJ Tucker,0,0,"",""
ball,1,27.1,Bahamas,DG Weakley,NH Ekanayake,J West,0,0,"",""
ball,1,27.2,Bahamas,DG Weakley,NH Ekanayake,J West,0,1,"",""
ball,1,27.3,Bahamas,NH Ekanayake,DG Weakley,J West,1,0,"",""
ball,1,27.4,Bahamas,DG Weakley,NH Ekanayake,J West,1,0,"",""
ball,1,27.5,Bahamas,NH Ekanayake,DG Weakley,J West,0,0,"",""
ball,1,27.6,Bahamas,NH Ekanayake,DG Weakley,J West,0,0,"",""
ball,1,28.1,Bahamas,DG Weakley,NH Ekanayake,JJ Tucker,0,1,"",""
ball,1,28.2,Bahamas,DG Weakley,NH Ekanayake,JJ Tucker,0,0,"",""
ball,1,28.3,Bahamas,DG Weakley,NH Ekanayake,JJ Tucker,0,0,"",""
ball,1,28.4,Bahamas,DG Weakley,NH Ekanayake,JJ Tucker,0,0,"",""
ball,1,28.5,Bahamas,DG Weakley,NH Ekanayake,JJ Tucker,0,0,"",""
ball,1,28.6,Bahamas,DG Weakley,NH Ekanayake,JJ Tucker,0,0,"",""
ball,1,28.7,Bahamas,DG Weakley,NH Ekanayake,JJ Tucker,0,1,"",""
ball,1,28.8,Bahamas,DG Weakley,NH Ekanayake,JJ Tucker,0,0,"",""
ball,1,29.1,Bahamas,NH Ekanayake,DG Weakley,J Gilbert,0,0,"",""
ball,1,29.2,Bahamas,NH Ekanayake,DG Weakley,J Gilbert,2,0,"",""
ball,1,29.3,Bahamas,NH Ekanayake,DG Weakley,J Gilbert,0,0,"",""
ball,1,29.4,Bahamas,NH Ekanayake,DG Weakley,J Gilbert,0,0,"",""
ball,1,29.5,Bahamas,NH Ekanayake,DG Weakley,J Gilbert,1,0,"",""
ball,1,29.6,Bahamas,DG Weakley,NH Ekanayake,J Gilbert,0,0,"",""
ball,1,30.1,Bahamas,NH Ekanayake,DG Weakley,RJ Trott,3,0,"",""
ball,1,30.2,Bahamas,DG Weakley,NH Ekanayake,RJ Trott,0,0,"",""
ball,1,30.3,Bahamas,DG Weakley,NH Ekanayake,RJ Trott,0,0,"",""
ball,1,30.4,Bahamas,DG Weakley,NH Ekanayake,RJ Trott,0,0,"",""
ball,1,30.5,Bahamas,DG Weakley,NH Ekanayake,RJ Trott,0,0,"",""
ball,1,30.6,Bahamas,DG Weakley,NH Ekanayake,RJ Trott,0,0,"",""
ball,1,31.1,Bahamas,NH Ekanayake,DG Weakley,J Gilbert,4,0,"",""
ball,1,31.2,Bahamas,NH Ekanayake,DG Weakley,J Gilbert,0,0,"",""
ball,1,31.3,Bahamas,NH Ekanayake,DG Weakley,J Gilbert,1,0,"",""
ball,1,31.4,Bahamas,DG Weakley,NH Ekanayake,J Gilbert,0,0,"",""
ball,1,31.5,Bahamas,DG Weakley,NH Ekanayake,J Gilbert,0,0,"",""
ball,1,31.6,Bahamas,DG Weakley,NH Ekanayake,J Gilbert,0,0,"",""
ball,1,32.1,Bahamas,NH Ekanayake,DG Weakley,RJ Trott,0,0,"",""
ball,1,32.2,Bahamas,NH Ekanayake,DG Weakley,RJ Trott,0,0,"",""
ball,1,32.3,Bahamas,NH Ekanayake,DG Weakley,RJ Trott,1,0,"",""
ball,1,32.4,Bahamas,DG Weakley,NH Ekanayake,RJ Trott,0,0,"",""
ball,1,32.5,Bahamas,DG Weakley,NH Ekanayake,RJ Trott,0,0,"",""
ball,1,32.6,Bahamas,DG Weakley,NH Ekanayake,RJ Trott,1,0,"",""
ball,1,33.1,Bahamas,DG Weakley,NH Ekanayake,J Gilbert,0,0,"",""
ball,1,33.2,Bahamas,DG Weakley,NH Ekanayake,J Gilbert,0,0,bowled,DG Weakley
ball,1,33.3,Bahamas,A Peters,NH Ekanayake,J Gilbert,0,0,"",""
ball,1,33.4,Bahamas,A Peters,NH Ekanayake,J Gilbert,0,0,"",""
ball,1,33.5,Bahamas,A Peters,NH Ekanayake,J Gilbert,0,0,"",""
ball,1,33.6,Bahamas,A Peters,NH Ekanayake,J Gilbert,0,0,"",""
ball,1,34.1,Bahamas,NH Ekanayake,A Peters,RJ Trott,1,0,"",""
ball,1,34.2,Bahamas,A Peters,NH Ekanayake,RJ Trott,0,0,"",""
ball,1,34.3,Bahamas,A Peters,NH Ekanayake,RJ Trott,1,0,"",""
ball,1,34.4,Bahamas,NH Ekanayake,A Peters,RJ Trott,4,0,"",""
ball,1,34.5,Bahamas,NH Ekanayake,A Peters,RJ Trott,0,0,"",""
ball,1,34.6,Bahamas,NH Ekanayake,A Peters,RJ Trott,0,0,"",""
ball,1,35.1,Bahamas,A Peters,NH Ekanayake,J Gilbert,1,0,"",""
ball,1,35.2,Bahamas,NH Ekanayake,A Peters,J Gilbert,1,0,"",""
ball,1,35.3,Bahamas,A Peters,NH Ekanayake,J Gilbert,1,0,"",""
ball,1,35.4,Bahamas,NH Ekanayake,A Peters,J Gilbert,0,0,"",""
ball,1,35.5,Bahamas,NH Ekanayake,A Peters,J Gilbert,1,0,"",""
ball,1,35.6,Bahamas,A Peters,NH Ekanayake,J Gilbert,0,0,"",""
ball,1,36.1,Bahamas,NH Ekanayake,A Peters,RJ Trott,6,0,"",""
ball,1,36.2,Bahamas,NH Ekanayake,A Peters,RJ Trott,0,0,"",""
ball,1,36.3,Bahamas,NH Ekanayake,A Peters,RJ Trott,0,1,"",""
ball,1,36.4,Bahamas,NH Ekanayake,A Peters,RJ Trott,0,0,"",""
ball,1,36.5,Bahamas,NH Ekanayake,A Peters,RJ Trott,1,0,"",""
ball,1,36.6,Bahamas,A Peters,NH Ekanayake,RJ Trott,0,0,"",""
ball,1,36.7,Bahamas,A Peters,NH Ekanayake,RJ Trott,0,0,"",""
ball,1,37.1,Bahamas,NH Ekanayake,A Peters,J Gilbert,0,0,"",""
ball,1,37.2,Bahamas,NH Ekanayake,A Peters,J Gilbert,0,0,"",""
ball,1,37.3,Bahamas,NH Ekanayake,A Peters,J Gilbert,4,0,"",""
ball,1,37.4,Bahamas,NH Ekanayake,A Peters,J Gilbert,0,0,"",""
ball,1,37.5,Bahamas,NH Ekanayake,A Peters,J Gilbert,0,0,"",""
ball,1,37.6,Bahamas,NH Ekanayake,A Peters,J Gilbert,0,0,"",""
ball,1,38.1,Bahamas,A Peters,NH Ekanayake,RJ Trott,0,0,"",""
ball,1,38.2,Bahamas,A Peters,NH Ekanayake,RJ Trott,0,0,"",""
ball,1,38.3,Bahamas,A Peters,NH Ekanayake,RJ Trott,1,0,"",""
ball,1,38.4,Bahamas,NH Ekanayake,A Peters,RJ Trott,1,0,"",""
ball,1,38.5,Bahamas,A Peters,NH Ekanayake,RJ Trott,1,0,"",""
ball,1,38.6,Bahamas,NH Ekanayake,A Peters,RJ Trott,0,0,"",""
ball,1,39.1,Bahamas,A Peters,NH Ekanayake,J Gilbert,1,0,"",""
ball,1,39.2,Bahamas,NH Ekanayake,A Peters,J Gilbert,1,0,"",""
ball,1,39.3,Bahamas,A Peters,NH Ekanayake,J Gilbert,1,0,"",""
ball,1,39.4,Bahamas,NH Ekanayake,A Peters,J Gilbert,2,0,"",""
ball,1,39.5,Bahamas,NH Ekanayake,A Peters,J Gilbert,0,0,"",""
ball,1,39.6,Bahamas,NH Ekanayake,A Peters,J Gilbert,1,0,"",""
ball,1,40.1,Bahamas,NH Ekanayake,A Peters,RJ Trott,1,0,"",""
ball,1,40.2,Bahamas,A Peters,NH Ekanayake,RJ Trott,0,0,stumped,A Peters
ball,1,40.3,Bahamas,J Adderley,NH Ekanayake,RJ Trott,0,0,stumped,J Adderley
ball,1,40.4,Bahamas,G Irvin,NH Ekanayake,RJ Trott,0,0,"",""
ball,1,40.5,Bahamas,G Irvin,NH Ekanayake,RJ Trott,1,0,"",""
ball,1,40.6,Bahamas,NH Ekanayake,G Irvin,RJ Trott,0,0,"",""
ball,1,41.1,Bahamas,G Irvin,NH Ekanayake,J Gilbert,1,0,"",""
ball,1,41.2,Bahamas,NH Ekanayake,G Irvin,J Gilbert,0,0,"",""
ball,1,41.3,Bahamas,NH Ekanayake,G Irvin,J Gilbert,0,0,"",""
ball,1,41.4,Bahamas,NH Ekanayake,G Irvin,J Gilbert,0,0,"",""
ball,1,41.5,Bahamas,NH Ekanayake,G Irvin,J Gilbert,0,0,"",""
ball,1,41.6,Bahamas,NH Ekanayake,G Irvin,J Gilbert,1,0,"",""
ball,1,42.1,Bahamas,NH Ekanayake,G Irvin,RJ Trott,0,1,"",""
ball,1,42.2,Bahamas,NH Ekanayake,G Irvin,RJ Trott,0,0,"",""
ball,1,42.3,Bahamas,NH Ekanayake,G Irvin,RJ Trott,4,0,"",""
ball,1,42.4,Bahamas,NH Ekanayake,G Irvin,RJ Trott,0,0,"",""
ball,1,42.5,Bahamas,NH Ekanayake,G Irvin,RJ Trott,1,0,"",""
ball,1,42.6,Bahamas,G Irvin,NH Ekanayake,RJ Trott,0,0,"",""
ball,1,42.7,Bahamas,G Irvin,NH Ekanayake,RJ Trott,0,0,"",""
ball,1,43.1,Bahamas,NH Ekanayake,G Irvin,J Gilbert,0,0,"",""
ball,1,43.2,Bahamas,NH Ekanayake,G Irvin,J Gilbert,1,0,"",""
ball,1,43.3,Bahamas,G Irvin,NH Ekanayake,J Gilbert,1,0,"",""
ball,1,43.4,Bahamas,NH Ekanayake,G Irvin,J Gilbert,1,0,"",""
ball,1,43.5,Bahamas,G Irvin,NH Ekanayake,J Gilbert,0,0,"",""
ball,1,43.6,Bahamas,G Irvin,NH Ekanayake,J Gilbert,0,0,caught,G Irvin
ball,2,0.1,Bermuda,FS Crockwell,J Edness,J Adderley,0,0,"",""
ball,2,0.2,Bermuda,FS Crockwell,J Edness,J Adderley,0,0,"",""
ball,2,0.3,Bermuda,FS Crockwell,J Edness,J Adderley,0,1,"",""
ball,2,0.4,Bermuda,FS Crockwell,J Edness,J Adderley,4,0,"",""
ball,2,0.5,Bermuda,FS Crockwell,J Edness,J Adderley,0,0,"",""
ball,2,0.6,Bermuda,FS Crockwell,J Edness,J Adderley,0,0,"",""
ball,2,0.7,Bermuda,FS Crockwell,J Edness,J Adderley,0,0,"",""
ball,2,1.1,Bermuda,J Edness,FS Crockwell,G Irvin,1,0,"",""
ball,2,1.2,Bermuda,FS Crockwell,J Edness,G Irvin,0,0,"",""
ball,2,1.3,Bermuda,FS Crockwell,J Edness,G Irvin,0,0,"",""
ball,2,1.4,Bermuda,FS Crockwell,J Edness,G Irvin,0,0,"",""
ball,2,1.5,Bermuda,FS Crockwell,J Edness,G Irvin,0,0,"",""
ball,2,1.6,Bermuda,FS Crockwell,J Edness,G Irvin,0,1,"",""
ball,2,1.7,Bermuda,FS Crockwell,J Edness,G Irvin,1,0,"",""
ball,2,2.1,Bermuda,FS Crockwell,J Edness,J Adderley,0,0,caught,FS Crockwell
ball,2,2.2,Bermuda,J Edness,SD Outerbridge,J Adderley,0,0,"",""
ball,2,2.3,Bermuda,J Edness,SD Outerbridge,J Adderley,2,0,"",""
ball,2,2.4,Bermuda,J Edness,SD Outerbridge,J Adderley,0,0,"",""
ball,2,2.5,Bermuda,J Edness,SD Outerbridge,J Adderley,0,0,"",""
ball,2,2.6,Bermuda,J Edness,SD Outerbridge,J Adderley,0,0,"",""
ball,2,3.1,Bermuda,SD Outerbridge,J Edness,G Irvin,0,0,"",""
ball,2,3.2,Bermuda,SD Outerbridge,J Edness,G Irvin,0,0,"",""
ball,2,3.3,Bermuda,SD Outerbridge,J Edness,G Irvin,0,0,"",""
ball,2,3.4,Bermuda,SD Outerbridge,J Edness,G Irvin,0,0,"",""
ball,2,3.5,Bermuda,SD Outerbridge,J Edness,G Irvin,0,0,"",""
ball,2,3.6,Bermuda,SD Outerbridge,J Edness,G Irvin,4,0,"",""
ball,2,4.1,Bermuda,J Edness,SD Outerbridge,J Adderley,1,0,"",""
ball,2,4.2,Bermuda,SD Outerbridge,J Edness,J Adderley,0,1,"",""
ball,2,4.3,Bermuda,SD Outerbridge,J Edness,J Adderley,1,0,"",""
ball,2,4.4,Bermuda,J Edness,SD Outerbridge,J Adderley,1,0,"",""
ball,2,4.5,Bermuda,SD Outerbridge,J Edness,J Adderley,1,0,"",""
ball,2,4.6,Bermuda,J Edness,SD Outerbridge,J Adderley,4,0,"",""
ball,2,4.7,Bermuda,J Edness,SD Outerbridge,J Adderley,0,1,"",""
ball,2,4.8,Bermuda,J Edness,SD Outerbridge,J Adderley,0,0,"",""
ball,2,5.1,Bermuda,SD Outerbridge,J Edness,G Irvin,1,0,"",""
ball,2,5.2,Bermuda,J Edness,SD Outerbridge,G Irvin,0,0,"",""
ball,2,5.3,Bermuda,J Edness,SD Outerbridge,G Irvin,0,1,"",""
ball,2,5.4,Bermuda,SD Outerbridge,J Edness,G Irvin,0,0,"",""
ball,2,5.5,Bermuda,SD Outerbridge,J Edness,G Irvin,0,0,"",""
ball,2,5.6,Bermuda,SD Outerbridge,J Edness,G Irvin,1,0,"",""
ball,2,6.1,Bermuda,SD Outerbridge,J Edness,A Peters,1,0,"",""
ball,2,6.2,Bermuda,J Edness,SD Outerbridge,A Peters,0,0,"",""
ball,2,6.3,Bermuda,J Edness,SD Outerbridge,A Peters,0,1,"",""
ball,2,6.4,Bermuda,J Edness,SD Outerbridge,A Peters,0,0,"",""
ball,2,6.5,Bermuda,J Edness,SD Outerbridge,A Peters,1,0,"",""
ball,2,6.6,Bermuda,SD Outerbridge,J Edness,A Peters,0,0,"",""
ball,2,6.7,Bermuda,SD Outerbridge,J Edness,A Peters,1,0,"",""
ball,2,7.1,Bermuda,SD Outerbridge,J Edness,G Irvin,0,0,"",""
ball,2,7.2,Bermuda,SD Outerbridge,J Edness,G Irvin,0,0,"",""
ball,2,7.3,Bermuda,SD Outerbridge,J Edness,G Irvin,4,0,"",""
ball,2,7.4,Bermuda,SD Outerbridge,J Edness,G Irvin,3,0,"",""
ball,2,7.5,Bermuda,J Edness,SD Outerbridge,G Irvin,0,0,"",""
ball,2,7.6,Bermuda,J Edness,SD Outerbridge,G Irvin,0,0,"",""
ball,2,8.1,Bermuda,SD Outerbridge,J Edness,A Peters,0,1,"",""
ball,2,8.2,Bermuda,J Edness,SD Outerbridge,A Peters,0,0,"",""
ball,2,8.3,Bermuda,J Edness,SD Outerbridge,A Peters,0,1,"",""
ball,2,8.4,Bermuda,J Edness,SD Outerbridge,A Peters,0,0,"",""
ball,2,8.5,Bermuda,J Edness,SD Outerbridge,A Peters,0,0,"",""
ball,2,8.6,Bermuda,J Edness,SD Outerbridge,A Peters,0,0,"",""
ball,2,8.7,Bermuda,J Edness,SD Outerbridge,A Peters,0,0,"",""
ball,2,9.1,Bermuda,SD Outerbridge,J Edness,G Irvin,0,0,"",""
ball,2,9.2,Bermuda,SD Outerbridge,J Edness,G Irvin,4,0,"",""
ball,2,9.3,Bermuda,SD Outerbridge,J Edness,G Irvin,0,0,"",""
ball,2,9.4,Bermuda,SD Outerbridge,J Edness,G Irvin,0,0,"",""
ball,2,9.5,Bermuda,SD Outerbridge,J Edness,G Irvin,0,0,"",""
ball,2,9.6,Bermuda,SD Outerbridge,J Edness,G Irvin,0,1,"",""
ball,2,9.7,Bermuda,SD Outerbridge,J Edness,G Irvin,0,0,"",""
ball,2,10.1,Bermuda,J Edness,SD Outerbridge,DG Weakley,4,0,"",""
ball,2,10.2,Bermuda,J Edness,SD Outerbridge,DG Weakley,0,0,"",""
ball,2,10.3,Bermuda,J Edness,SD Outerbridge,DG Weakley,0,0,"",""
ball,2,10.4,Bermuda,J Edness,SD Outerbridge,DG Weakley,0,0,"",""
ball,2,10.5,Bermuda,J Edness,SD Outerbridge,DG Weakley,2,0,"",""
ball,2,10.6,Bermuda,J Edness,SD Outerbridge,DG Weakley,1,0,"",""
ball,2,11.1,Bermuda,J Edness,SD Outerbridge,M Taylor,0,1,"",""
ball,2,11.2,Bermuda,J Edness,SD Outerbridge,M Taylor,4,0,"",""
ball,2,11.3,Bermuda,J Edness,SD Outerbridge,M Taylor,0,0,"",""
ball,2,11.4,Bermuda,J Edness,SD Outerbridge,M Taylor,0,0,"",""
ball,2,11.5,Bermuda,J Edness,SD Outerbridge,M Taylor,0,0,"",""
ball,2,11.6,Bermuda,J Edness,SD Outerbridge,M Taylor,0,0,"",""
ball,2,11.7,Bermuda,J Edness,SD Outerbridge,M Taylor,1,1,"",""
ball,2,11.8,Bermuda,SD Outerbridge,J Edness,M Taylor,0,0,"",""
ball,2,12.1,Bermuda,J Edness,SD Outerbridge,DG Weakley,0,0,caught,J Edness
ball,2,12.2,Bermuda,DL Hemp,SD Outerbridge,DG Weakley,0,0,"",""
ball,2,12.3,Bermuda,DL Hemp,SD Outerbridge,DG Weakley,0,0,"",""
ball,2,12.4,Bermuda,DL Hemp,SD Outerbridge,DG Weakley,0,0,"",""
ball,2,12.5,Bermuda,DL Hemp,SD Outerbridge,DG Weakley,4,0,"",""
ball,2,12.6,Bermuda,DL Hemp,SD Outerbridge,DG Weakley,0,0,"",""
ball,2,13.1,Bermuda,SD Outerbridge,DL Hemp,M Taylor,0,0,"",""
ball,2,13.2,Bermuda,SD Outerbridge,DL Hemp,M Taylor,0,0,"",""
ball,2,13.3,Bermuda,SD Outerbridge,DL Hemp,M Taylor,0,0,"",""
ball,2,13.4,Bermuda,SD Outerbridge,DL Hemp,M Taylor,4,0,"",""
ball,2,13.5,Bermuda,SD Outerbridge,DL Hemp,M Taylor,0,0,"",""
ball,2,13.6,Bermuda,SD Outerbridge,DL Hemp,M Taylor,1,0,"",""
ball,2,14.1,Bermuda,SD Outerbridge,DL Hemp,DG Weakley,0,0,"",""
ball,2,14.2,Bermuda,SD Outerbridge,DL Hemp,DG Weakley,0,0,"",""
ball,2,14.3,Bermuda,SD Outerbridge,DL Hemp,DG Weakley,0,0,"",""
ball,2,14.4,Bermuda,SD Outerbridge,DL Hemp,DG Weakley,0,0,"",""
ball,2,14.5,Bermuda,SD Outerbridge,DL Hemp,DG Weakley,4,0,"",""
ball,2,14.6,Bermuda,SD Outerbridge,DL Hemp,DG Weakley,0,0,"",""
ball,2,15.1,Bermuda,DL Hemp,SD Outerbridge,NH Ekanayake,0,0,"",""
ball,2,15.2,Bermuda,DL Hemp,SD Outerbridge,NH Ekanayake,2,0,"",""
ball,2,15.3,Bermuda,DL Hemp,SD Outerbridge,NH Ekanayake,0,0,"",""
ball,2,15.4,Bermuda,DL Hemp,SD Outerbridge,NH Ekanayake,1,0,"",""
ball,2,15.5,Bermuda,SD Outerbridge,DL Hemp,NH Ekanayake,0,0,"",""
ball,2,15.6,Bermuda,SD Outerbridge,DL Hemp,NH Ekanayake,0,0,"",""
ball,2,16.1,Bermuda,DL Hemp,SD Outerbridge,DG Weakley,0,0,"",""
ball,2,16.2,Bermuda,DL Hemp,SD Outerbridge,DG Weakley,0,1,"",""
ball,2,16.3,Bermuda,DL Hemp,SD Outerbridge,DG Weakley,2,0,"",""
ball,2,16.4,Bermuda,DL Hemp,SD Outerbridge,DG Weakley,0,0,"",""
ball,2,16.5,Bermuda,DL Hemp,SD Outerbridge,DG Weakley,0,0,"",""
ball,2,16.6,Bermuda,DL Hemp,SD Outerbridge,DG Weakley,0,0,"",""
ball,2,16.7,Bermuda,DL Hemp,SD Outerbridge,DG Weakley,4,0,"",""
ball,2,17.1,Bermuda,SD Outerbridge,DL Hemp,NH Ekanayake,1,0,"",""
ball,2,17.2,Bermuda,DL Hemp,SD Outerbridge,NH Ekanayake,0,0,"",""
ball,2,17.3,Bermuda,DL Hemp,SD Outerbridge,NH Ekanayake,1,0,"",""
ball,2,17.4,Bermuda,SD Outerbridge,DL Hemp,NH Ekanayake,0,0,"",""
ball,2,17.5,Bermuda,SD Outerbridge,DL Hemp,NH Ekanayake,4,0,"",""
ball,2,17.6,Bermuda,SD Outerbridge,DL Hemp,NH Ekanayake,0,0,"",""
ball,2,18.1,Bermuda,DL Hemp,SD Outerbridge,A Peters,6,0,"",""
ball,2,18.2,Bermuda,DL Hemp,SD Outerbridge,A Peters,0,0,"",""
ball,2,18.3,Bermuda,DL Hemp,SD Outerbridge,A Peters,0,0,"",""
ball,2,18.4,Bermuda,DL Hemp,SD Outerbridge,A Peters,0,0,"",""
ball,2,18.5,Bermuda,DL Hemp,SD Outerbridge,A Peters,0,1,"",""
ball,2,18.6,Bermuda,DL Hemp,SD Outerbridge,A Peters,1,0,"",""
ball,2,18.7,Bermuda,SD Outerbridge,DL Hemp,A Peters,1,0,"",""
ball,2,19.1,Bermuda,SD Outerbridge,DL Hemp,NH Ekanayake,0,0,"",""
ball,2,19.2,Bermuda,SD Outerbridge,DL Hemp,NH Ekanayake,0,0,"",""
ball,2,19.3,Bermuda,SD Outerbridge,DL Hemp,NH Ekanayake,0,0,caught,SD Outerbridge
ball,2,19.4,Bermuda,JJ Tucker,DL Hemp,NH Ekanayake,3,0,"",""
ball,2,19.5,Bermuda,DL Hemp,JJ Tucker,NH Ekanayake,1,0,"",""
ball,2,19.6,Bermuda,JJ Tucker,DL Hemp,NH Ekanayake,0,0,"",""
ball,2,20.1,Bermuda,DL Hemp,JJ Tucker,A Peters,0,0,"",""
ball,2,20.2,Bermuda,DL Hemp,JJ Tucker,A Peters,1,0,"",""
ball,2,20.3,Bermuda,JJ Tucker,DL Hemp,A Peters,0,0,"",""
ball,2,20.4,Bermuda,JJ Tucker,DL Hemp,A Peters,0,0,"",""
ball,2,20.5,Bermuda,JJ Tucker,DL Hemp,A Peters,0,0,"",""
ball,2,20.6,Bermuda,JJ Tucker,DL Hemp,A Peters,0,0,"",""
ball,2,21.1,Bermuda,DL Hemp,JJ Tucker,NH Ekanayake,0,0,"",""
ball,2,21.2,Bermuda,DL Hemp,JJ Tucker,NH Ekanayake,0,0,"",""
ball,2,21.3,Bermuda,DL Hemp,JJ Tucker,NH Ekanayake,0,0,"",""
ball,2,21.4,Bermuda,DL Hemp,JJ Tucker,NH Ekanayake,0,0,"",""
ball,2,21.5,Bermuda,DL Hemp,JJ Tucker,NH Ekanayake,1,0,"",""
ball,2,21.6,Bermuda,JJ Tucker,DL Hemp,NH Ekanayake,0,0,"",""
ball,2,22.1,Bermuda,DL Hemp,JJ Tucker,A Peters,1,0,"",""
ball,2,22.2,Bermuda,JJ Tucker,DL Hemp,A Peters,0,0,"",""
ball,2,22.3,Bermuda,JJ Tucker,DL Hemp,A Peters,1,0,"",""
ball,2,22.4,Bermuda,DL Hemp,JJ Tucker,A Peters,1,0,"",""
ball,2,22.5,Bermuda,JJ Tucker,DL Hemp,A Peters,3,0,"",""
ball,2,22.6,Bermuda,DL Hemp,JJ Tucker,A Peters,0,0,"",""
ball,2,23.1,Bermuda,JJ Tucker,DL Hemp,NH Ekanayake,0,0,"",""
ball,2,23.2,Bermuda,JJ Tucker,DL Hemp,NH Ekanayake,1,0,"",""
ball,2,23.3,Bermuda,DL Hemp,JJ Tucker,NH Ekanayake,1,0,"",""
ball,2,23.4,Bermuda,JJ Tucker,DL Hemp,NH Ekanayake,0,2,"",""
ball,2,23.5,Bermuda,JJ Tucker,DL Hemp,NH Ekanayake,0,0,"",""
ball,2,23.6,Bermuda,JJ Tucker,DL Hemp,NH Ekanayake,0,0,"",""
ball,2,24.1,Bermuda,DL Hemp,JJ Tucker,A Peters,2,0,"",""
ball,2,24.2,Bermuda,DL Hemp,JJ Tucker,A Peters,0,0,"",""
ball,2,24.3,Bermuda,DL Hemp,JJ Tucker,A Peters,1,0,"",""
ball,2,24.4,Bermuda,JJ Tucker,DL Hemp,A Peters,0,0,"",""
ball,2,24.5,Bermuda,JJ Tucker,DL Hemp,A Peters,0,0,"",""
ball,2,24.6,Bermuda,JJ Tucker,DL Hemp,A Peters,0,0,"",""
ball,2,25.1,Bermuda,DL Hemp,JJ Tucker,NH Ekanayake,1,0,"",""
ball,2,25.2,Bermuda,JJ Tucker,DL Hemp,NH Ekanayake,0,0,"",""
ball,2,25.3,Bermuda,JJ Tucker,DL Hemp,NH Ekanayake,1,0,"",""
ball,2,25.4,Bermuda,DL Hemp,JJ Tucker,NH Ekanayake,0,0,"",""
ball,2,25.5,Bermuda,DL Hemp,JJ Tucker,NH Ekanayake,0,0,"",""
ball,2,25.6,Bermuda,DL Hemp,JJ Tucker,NH Ekanayake,0,1,"",""
ball,2,25.7,Bermuda,DL Hemp,JJ Tucker,NH Ekanayake,0,0,"",""
ball,2,26.1,Bermuda,JJ Tucker,DL Hemp,JR Barry,4,0,"",""
ball,2,26.2,Bermuda,JJ Tucker,DL Hemp,JR Barry,0,0,"",""
ball,2,26.3,Bermuda,JJ Tucker,DL Hemp,JR Barry,0,1,"",""
ball,2,26.4,Bermuda,JJ Tucker,DL Hemp,JR Barry,0,0,"",""
ball,2,26.5,Bermuda,JJ Tucker,DL Hemp,JR Barry,0,0,"",""
ball,2,26.6,Bermuda,JJ Tucker,DL Hemp,JR Barry,0,0,"",""
ball,2,26.7,Bermuda,JJ Tucker,DL Hemp,JR Barry,0,0,"",""
ball,2,27.1,Bermuda,DL Hemp,JJ Tucker,NH Ekanayake,0,0,"",""
ball,2,27.2,Bermuda,DL Hemp,JJ Tucker,NH Ekanayake,0,0,"",""
ball,2,27.3,Bermuda,DL Hemp,JJ Tucker,NH Ekanayake,1,0,"",""
ball,2,27.4,Bermuda,JJ Tucker,DL Hemp,NH Ekanayake,1,0,"",""
ball,2,27.5,Bermuda,DL Hemp,JJ Tucker,NH Ekanayake,2,0,"",""
ball,2,27.6,Bermuda,DL Hemp,JJ Tucker,NH Ekanayake,0,0,"",""
ball,2,28.1,Bermuda,JJ Tucker,DL Hemp,JR Barry,0,0,"",""
ball,2,28.2,Bermuda,JJ Tucker,DL Hemp,JR Barry,1,1,"",""
